{
	"name": "RealisticReactors",
	"version": "3.1.4",
	"title": "RealisticReactors",
	"author": "dodo.the.last, max2344, IngoKnieto, OwnlyMe",
	"description": "Add more realistic nuclear reactors with a breeder reactor and a cooling tower. The reactors have to be controlled via integrated circuit interface signals. The reactors have a dynamic heat output depending on their temperature. They need proper cooling, otherwise a nuclear meltdown will occur.",
	"homepage": "https://forums.factorio.com/viewtopic.php?f=93&t=56621",
	"factorio_version": "1.1",
	"dependencies": [
		"? PlutoniumEnergy >= 1.2.15",
		"? True-Nukes >= 0.1.15",
		"big-data-string",
		"base"
	]
}
