{
  "name": "cargo-ships",
  "version": "0.2.2",
  "title": "Cargo Ships",
  "author": "rude_grass",
  "description": "Adds cargo ships, oil tankers, deep sea oil rigs and other ocean based content",
  "dependencies": [
    "base >= 1.1",
    "cargo-ships-graphics >= 0.2.0",
    "? factorio-world >= 1.0.2",
    "(?) NewIslands >= 0.1.0",
    "? islands_world >= 1.1.0",
    "? SeaBlock >= 0.5.5",
    "(?) Hovercraft >= 0.0.1",
    "? Hovercrafts >= 1.1.0",
    "? angelspetrochem >= 0.9.17",
    "? ctg >= 0.4.3",
    "? Krastorio2 >= 1.0.18",
    "! cargo-ships-seraph",
    "(?) rso-mod"
  ],
  "factorio_version": "1.1"
}
