{
  "name": "heroturrets",
  "version": "1.1.21",
  "title": "HeroTurrets",
  "author": "PixelWhipped",
  "contact": "",
  "homepage": "https://www.patreon.com/user?u=15367757",
  "factorio_version": "1.1",
  "description": "Turrets are built using salvaged self-learning AI tech from your ship allowing them to get deadlier with practice.  Extends turrets via ranking system based on kills. Turrets generated so not limited to vanilla, identifiable by overlaid rank insignia. Rank buffs individual turrets.",
  "dependencies": [
    "base >= 1.1.0",
    "liborio >= 1.1.01",
	"(?) Obelisks-of-light",
	"(?) Factorio-Tiberium"
  ]
}