{
  "name": "TreeSaplings-Redux",
  "version": "1.0.6",
  "title": "Tree Saplings (Redux)",
  "author": "Original by LukeM, Hacked to 1.1 by JustJinxed, RevivePatch by rocketridah, Redux by FuryoftheStars",
  "contact": "",
  "homepage": "https://forums.factorio.com/viewtopic.php?f=190&t=102552",
  "description": "A small mod that adds craftable saplings that grow into vanilla trees, and a way to farm them.\n\nBased on the 'Revisited-RevivePatch' version, this one reduces the costs and heavily rewrites the control code to fix a few bugs and reduce overall UPS impact.",
  "factorio_version": "1.1",
  "dependencies": ["base >= 1.1", "! TreeSaplings-Revisted", "! TreeSaplings-Revisted-RevivePatch"]
}