{
  "name": "erm_terran_exp",
  "version": "1.0.9",
  "factorio_version": "1.1",
  "title": "ERM - Terran Units / Cronus Wing (HD Assets included)",
  "author": "SHlNZ0U",
  "contact": "Discord shlnz0u",
  "description": "Terran Biter race for Enemy Race Manager. If you use Krastorio 2, beware creep will also spawn around Terran bases; consider them infested Stukov's minions. Includes the entire Terran unit roster from SC: Broodwar!",
  "homepage": "",
  "dependencies": [
    "base >= 1.1.0",
    "enemyracemanager >= 1.20.8",
    "erm_zerg_hd_assets >= 1.1.0",
    "erm_terran_hd_assets >= 1.0.0"
  ]
}