{
	"name": "space-exploration-menu-simulations",
	"version": "0.6.8",
	"title": "Space Exploration Menu Simulations",
	"author": "Earendel",
	"dependencies": [
		"base >= 1.1.0"
	],
	"description": "A variety of menu simulations for Space Exploration. Required dependency for Space Exploration. Install Space Exploration through the in-game Mods menu to also automatically install all required dependencies.",
	"factorio_version": "1.1",
	"homepage": "https://spaceexploration.miraheze.org/wiki/Main_Page"
}
