{
  "name": "enemyracemanager",
  "version": "1.17.3",
  "date": "2021-07-10",
  "title": "Enemy Race Manager",
  "author": "heyqule",
  "description": "Add support to have multiple races of enemies and add various enhancements to enemy races.  They become tougher as you kill them.  Added aerial enemies to all races.  Buffed defensive entities and some attacks to balance with high level enemies.  Please visit the mod page or search \"ERM -\" mods to download the new demo races.",
  "factorio_version": "1.1",
  "dependencies": [
    "base >= 1.1.0",
    "stdlib >= 1.4.8",
    "enemyracemanager_assets >= 1.0.0",
    "~ zerm_postprocess >= 1.0.0",
    "!hardcorio",
    "!bobenemies",
    "!Nova-Natural_Evolution_Enemies",
    "!Natural_Evolution_Enemies_Redux",
    "!Natural_Evolution_Enemies",
    "!biter_factions",
    "?Krastorio2",
    "?IndustrialRevolution",
    "?IndustrialRevolution3",
    "?ArmouredBiters",
    "?Explosive_biters",
    "?Cold_biters",
    "?Toxic_biters",
    "?space-exploration",
    "?Kux-OrbitalIonCannon",
    "?MIRV",
    "?AtomicArtillery",
    "?RibbonMaze018"
  ]
}