{
	"name": "space-exploration-postprocess",
	"version": "0.6.27",
	"title": "Space Exploration Postprocess (Required)",
	"author": "Earendel",
	"dependencies": [
		"base >= 1.1.0",
		"(?) space-exploration >= 0.6.94",

		"(?) angelsbioprocessing",
		"(?) angelsindustries",
		"(?) angelspetrochem",
		"(?) angelsrefining",
		"(?) angelssmelting",
		"(?) bobassembly",
		"(?) bobelectronics",
		"(?) bobenemies",
		"(?) bobgreenhouse",
		"(?) bobinserters",
		"(?) boblogistics",
		"(?) bobmining",
		"(?) bobmodules",
		"(?) bobores",
		"(?) bobplates",
		"(?) bobpower",
		"(?) bobrevamp",
		"(?) bobtech",
		"(?) bobvehicleequipment",
		"(?) bobwarfare",
		"(?) Darkstar_utilities",
		"(?) Darkstar_utilities_Low_Spec-0_17-Port",
		"(?) Decktorio",
		"(?) k2se-compatibility",
		"(?) Krastorio2 >= 1.3.1",
		"(?) NPUtils",
		"(?) qol_research",
		"(?) reverse-factory >= 6.0.5",
		"(?) SpaceMod",
		"(?) Yuoki"
	],
	"description": "[REQUIRED] Required for Space Exploration. Contains some important code that must run after other mods and a few bare-bones compatibility patches. This arrangement allows other mods to specify Space Exploration as a dependency without causing a dependency loop if they are already specified here. If you are a mod maker DO NOT put this mod as a dependency, make the main space exploration mod the dependency instead.",
	"factorio_version": "1.1",
	"homepage": "https://forums.factorio.com/viewtopic.php?f=190&t=68319",
  "package": {
    "ignore": ["**"],
    "extra": [
      { 
        "root": ".build"
      }
    ],
    "scripts": {
      "datestamp": "sh ./build-scripts/datestamp.sh",
      "prepackage": "sh ./build-scripts/prepackage.sh",
      "postpublish": "sh ./build-scripts/postpublish.sh"
    }
  }
}
