{
	"name": "True-Nukes",
	"version": "0.3.33",
	"title": "True Nukes",
	"author": "BicycleEater",
	"description": "Adds realistic nuclear blasts, and more nuclear options.",
	"homepage": "https://github.com/More-Wrong/Factorio-True-Nukes",
	"factorio_version": "1.1",
	"dependencies": [
		"Warheads",
		"? SchallTankPlatoon",
		"? Aircraft",
		"? bobelectronics",
		"? bobwarfare",
		"? bobplates",
		"? True-Nukes-Graphics",
		"? apm_nuclear_ldinc",
		"? PlutoniumEnergy",
		"? Nuclear Fuel",
		"? Clowns-Nuclear",
		"? Clowns-AngelBob-Nuclear",
		"? space-exploration",
		"? Krastorio2"
	]
}

