{
	"name": "osm-radioactivity",
	"version": "1.1.41",
	"title": "Radioactivity Kills Slowly",
	"author": "OldSkoolMatt",
	"homepage": "https://mods.factorio.com/mod/osm-radioactivity",
	"factorio_version": "1.1",
	"description": "Radioactivity is just like love...\nKILLS SLOWLY AND GIVES CANCER!",
	"dependencies":
	[
		"base >= 1.1.0",
		"osm-lib >= 1.1.40",
		"? bobores",
		"? bobplates",
		"? angelsrefining",
		"? Clowns-Nuclear",
		"? Clowns-AngelBob-Nuclear",
		"? apm_nuclear_ldinc",
		"(?) Krastorio2",
		"(?) deadlock-beltboxes-loaders",
		"(?) DeadlockStackingForBobs",
		"(?) True-Nukes",
		"(?) DeadlockStackingForVanilla"
	]
}