{
  "name": "EditorExtensions",
  "version": "2.1.5",
  "title": "Editor Extensions",
  "description": "Extends the Factorio map editor with new features, testing tools, and quality of life changes. Also adds a separate editor lab that can be used to design blueprints separately from your main factory. Inspired by Creative Mode.",
  "author": "raiguard",
  "contact": "https://github.com/raiguard/EditorExtensions",
  "homepage": "https://github.com/raiguard/EditorExtensions",
  "factorio_version": "1.1",
  "dependencies": [
    "base >= 1.1.76",
    "flib >= 0.12.5",
    "? CursorEnhancements",
    "(?) aai-industry",
    "(?) Krastorio2",
    "(?) omnimatter_compression",
    "(?) space-exploration",
    "(?) Transport_Drones",
    "(?) PickerDollies",
    "(?) DeadlockStackingForAngels"
  ],
  "package": {
    "git_publish_branch": "master",
    "ignore": [ "imgui.ini", "screenshots", "stylua.toml" ],
    "scripts": {
      "prepublish": "factorio-crowdin-sync"
    },
    "sync_portal_details": true
  }
}
