{
	"name": "WaterAsAResource",
	"version": "0.8.8",
	"factorio_version": "1.1",
	"title": "Water As A Resource",
	"author": "TreefrogGreaken",
	"contact": "https://mods.factorio.com/mod/WaterAsAResource/discussion",
	"homepage": "https://mods.factorio.com/mod/WaterAsAResource",
	"description": "Turns Water into a non infinite resource. Water bodies get removed and replaced by solid ground. Offshore Drains allow water & oil to be put back into these depleted areas.",
	"dependencies": ["base >= 1.1.0","(?)aai-industry>=0.2.4","(?)SeaBlock>=0.2.17","(?)alien-biomes>=0.4.15","(?)bobelectronics>=0.17.7","(?)ctg>=0.4.3"]
}