{
  "name": "erm_zerg_exp",
  "version": "1.1.7",
  "factorio_version": "1.1",
  "title": "ERM - Zerg Units / Jormungand Brood",
  "author": "SHlNZ0U",
  "contact": "Discord shlnz0u",
  "description": "Zerg Biter race for Enemy Race Manager experimental (HD Assets included). A few experimental tweaks differing from heyqule's original ERM Zerg. I recommend Krastorio 2 if you want harvestable creep to spawn, but beware Krastorio 2's creep will replace the Zerg Creep decoratives. Additional Zerg units: Infested Command Centre, Broodlings, Queen's Parasite, and Scourge.",
  "homepage": "",
  "dependencies": [
    "base >= 1.1.0",
    "enemyracemanager >= 1.20.8",
    "erm_zerg_hd_assets >= 1.1.0"
  ]
}