{
  "name": "AlienBiomesTweaked",
  "version": "0.0.6",
  "title": "Alien Biomes Tweaked",
  "author": "FuryoftheStars",
  "contact": "",
  "homepage": "",
  "description": "Tweaks the Alien Biomes mod, making optional some of its non-optional changes to vanilla gameplay.\n\nThis is not the mod itself with changes, but rather a \"mod of a mod\".\n\nCan optionally be used with other mods that make similar changes that need undoing.",
  "factorio_version": "1.1",
  "dependencies": ["base >= 1.1", "? alien-biomes"]
}