{
    "name": "Blood-N-Wine-Factorio-Edition",
    "version": "0.5.2",
    "title": "Blood N Wine Factorio Edition",
    "author": "Nukelord and Mahan",
    "factorio_version": "1.1",
    "dependencies": [
		"base >= 1.1.0",
		"(?) space-exploration = 0.6.108",
		"(?) aai-containers = 0.2.11",
		"(?) aai-industry = 0.5.20",
		"(?) aai-programmable-structures = 0.7.4",
		"(?) aai-programmable-vehicles = 0.7.24",
		"(?) aai-signals = 0.6.1",
		"(?) aai-signal-transmission = 0.4.8",
		"(?) aai-zones = 0.6.4",
		"(?) AbandonedRuins = 1.1.6",
		"(?) Aircraft = 1.8.6",
		"(?) AircraftRealism = 1.5.5",
		"(?) alien-biomes = 0.6.8",
		"(?) alien-biomes-hr-terrain = 0.6.1",
		"(?) AlienBiomesTweaked = 0.0.6",
		"(?) Arachnids = 1.1.1",
		"(?) Armored-train = 0.4.6.",
		"(?) ArmouredBiters = 1.1.9",
		"(?) AutoDeconstruct = 0.3.8",
		"(?) BeltRouter = 1.5.2",
		"(?) big-data-string = 1.0.1",
		"(?) biterexpansionnotifier = 1.0.0",
		"(?) blueprint-sandboxes = 1.16.3",
		"(?) BottleneckLite = 1.2.7",
		"(?) Brighter-Lamps = 1.1.0",
		"(?) bullet-trails = 0.6.2",
		"(?) cargo-ships = 0.2.2",
		"(?) cargo-ships-graphics = 0.2.1",
		"(?) cargo-ships-nofreepower = 0.1.0",
		"(?) ChangeMapSettings = 5.0.1",
		"(?) Cold_biters = 1.1.4",
		"(?) combat-mechanics-overhaul = 0.6.24",
		"(?) Creeper2 = 1.1.0",
		"(?) death_curses = 1.0.15",
		"(?) Dirt_Path = 1.3.8",
		"(?) DiscoScience = 1.1.3",
		"(?) dredgeworks = 0.2.5",
		"(?) EditorExtensions = 2.1.5",
		"(?) EnableResearchQueue = 1.0.4",
		"(?) enemyracemanager = 1.17.3",
		"(?) enemyracemanager_assets = 1.0.1",
		"(?) Enhanced_Map_Colors = 1.5.5",
		"(?) equipment-gantry = 0.1.5",
		"(?) erm_redarmy = 1.7.0",
		"(?) erm_zerg_high_res = 1.0.0",
		"(?) even-distribution = 1.0.10",
		"(?) Explosive_biters = 2.0.5",
		"(?) extended-descriptions = 1.2.1",
		"(?) factoriohd_modpack = 1.1.0",
		"(?) factorio-research-queue = 0.5.7",
		"(?) factoryplanner = 1.1.70",
		"(?) flib = 0.12.9",
		"(?) Fluid-level-indicator = 0.6.1",
        "(?) grappling-gun = 0.3.3",
        "(?) GUI_Unifyer = 1.12.0",
		"(?) Gun_Turret_Alerts = 1.1.11",
        "(?) HelicopterRevival = 0.2.2",
		"(?) heroturrets = 1.1.21",
		"(?) informatron = 0.3.4",
		"(?) jetpack = 0.3.13",
		"(?) KS_Combat_Updated = 1.1.0",
		"(?) liborio = 1.1.01",
		"(?) LogisticTrainNetwork = 1.18.3",
		"(?) Milestones = 1.3.18",
		"(?) MiscLib = 0.9.2",
		"(?) ModuleInserterSimplified = 1.1.4",
        "(?) nco-SpaceShuttle = 0.0.5",
		"(?) Nuclear Fuel = 1.1.5",
		"(?) osm-lib = 1.1.41",
		"(?) osm-lib-postprocess = 23.01.10",
		"(?) osm-radioactivity = 1.1.41",
		"(?) PickerDollies = 1.2.6",
		"(?) qol_research = 3.3.3",
		"(?) RampantArsenal = 1.1.6",
		"(?) RampantFixed = 1.7.1",
		"(?) RateCalculator = 3.2.2",
        "(?) Realistic_Heat_Glow = 2.1.0",
		"(?) RealisticOres = 7.101.0",
		"(?) RealisticReactorGlow = 1.101.7",
		"(?) RealisticReactors = 3.1.4",
		"(?) realistic-ruins = 0.0.2",
		"(?) RecipeBook = 3.5.5",
		"(?) robot_attrition = 0.5.15",
		"(?) se-ltn-glue = 0.6.0",
		"(?) shield-projector = 0.1.6",
		"(?) Silly-AbandonedRuins = 0.1.1",
        "(?) simhelper = 1.1.4",
		"(?) simple-vehicle-physics = 0.0.12",
		"(?) SolarWalls = 0.0.13",
		"(?) space-exploration = 0.6.108",
		"(?) space-exploration-graphics = 0.6.15",
		"(?) space-exploration-graphics = 2_0.6.1",
		"(?) space-exploration-graphics = 3_0.6.2",
		"(?) space-exploration-graphics = 4_0.6.2",
		"(?) space-exploration-graphics = 5_0.6.1",
        "(?) space-exploration-menu-simulations = 0.6.8",
        "(?) space-exploration-postprocess = 0.6.26",
        "(?) spidertron-dock = 1.0.3",
        "(?) Squeak Through = 1.8.2",
        "(?) stdlib = 1.4.8",
        "(?) textplates = 0.6.10",
        "(?) Todo-List = 19.3.0",
        "(?) Toxic_biters = 1.0.2",
        "(?) TreeSaplings-Redux = 1.0.6",
        "(?) True-Nukes = 0.3.21",
        "(?) underwater-pipes = 3.1.0",
        "(?) VehicleSnap = 1.18.5",
        "(?) Warheads = 0.0.15",
        "(?) Warmonger = 1.3.23",
        "(?) Water_Ores = 1.1.3",
        "(?) whats-missing = 0.1.14",
        "(?) WireShortcuts = 1.1.13",
        "(?) zerm_postprocess = 1.1.0"
	],
    "description": "Rockets, Nukes, Biters and Suffering >:>"

}
