{
    "name": "se-ltn-glue",
    "version": "0.6.0",
    "title": "Space Exploration LTN integration",
    "description": "Allows LTN to make deliveries through SE's space elevator",
    "author": "Harag",
    "factorio_version": "1.1",
    "dependencies": [
        "base",
        "flib >= 0.11.0",
        "LogisticTrainNetwork >= 1.18.0",
        "space-exploration >= 0.6.80",
        "space-exploration-graphics >= 0.6.0"
    ],
    "package": {
        "ignore": [".git", ".github", ".vscode", ".kakrc", "*.xcf", "*.kra"]
    }
}
