{
    "name": "factoriohd_modpack",
    "version": "1.1.0",
    "title": "FactorioHD:Modpack",
    "author": "RedViperPT",
    "contact": "hugogs#8455",
    "homepage": "https://mods.factorio.com/mod/factoriohd",
    "factorio_version": "1.1",
    "dependencies":[
	"base >= 1.0", 	
	"? factoriohd_base >= 0.0.8",
	"? factoriohd_logistics >= 0.0.8", 
	"? factoriohd_military >= 0.0.7", 
	"? factoriohd_production >= 0.0.8",
	"? factoriohd_terrain >= 0.0.7"
	],
    "description": "Replaces vanilla sprites with higher resolution versions created with machine learning. This mod does nothing on it's own."
}