{
  "name": "erm_zerg_high_res",
  "version": "1.0.0",
  "factorio_version": "1.1",
  "title": "ERM - Zerg Units - High Res",
  "author": "SHlNZ0U",
  "contact": "Discord shlnz0u",
  "description": "Zerg race for Enemy Race Manager: High Resolution. I recommend Krastorio 2 if you want creep to spawn. Additional Zerg units: Infested Command Centre, Broodlings, and Scourge.",
  "homepage": "",
  "dependencies": [
    "base >= 1.1.0",
    "enemyracemanager >= 1.17.0",
    "? Krastorio2"
  ]
}