{
  "name": "erm_toss_exp",
  "version": "1.1.8",
  "factorio_version": "1.1",
  "title": "ERM - Protoss Units / Velari Tribe",
  "author": "SHlNZ0U",
  "contact": "Discord shlnz0u",
  "description": "Protoss Biter race for Enemy Race Manager experimental (HD Assets included). A few experimental tweaks differing from heyqule's original ERM Protoss. If you use Krastorio 2, beware creep will also spawn around Protoss bases; consider them infested Protoss. Additional Protoss buildings and units: Robotics Facility, Robotics Support Bay, Shield Battery, Reaver, persistent Scarabs (if they don't detonate on a target), persistent Interceptors, and Dark Archon.",
  "homepage": "",
  "dependencies": [
    "base >= 1.1.0",
    "enemyracemanager >= 1.20.8",
    "erm_toss_hd_assets >= 1.1.0"
  ]
}