{
	"name": "aai-programmable-vehicles",
	"version": "0.7.24",
	"title": "AAI Programmable Vehicles",
	"author": "Earendel",
	"dependencies": [
		"base >= 1.1.0",
		"aai-signals >= 0.4.1",
		"informatron >= 0.2.1",
		"?aai-zones >= 0.4.1",
		"?aai-programmable-structures >= 0.5.11",
		"?aai-industry >= 0.3.2",
		"?aai-vehicles-miner >= 0.4.1",
		"?aai-vehicles-hauler >= 0.4.1",
		"?aai-vehicles-chaingunner >= 0.4.1",
		"?aai-vehicles-flame-tumbler >= 0.4.1",
		"?aai-vehicles-flame-tank >= 0.3.1",
		"?aai-vehicles-laser-tank >= 0.4.1",
		"?aai-vehicles-warden >= 0.3.1",
		"?bullet-trails >= 0.4.1",
		"?walls-block-spitters >= 0.4.2",
    "? equipment-gantry >= 0.1.1"
	],
	"description": "Makes vehicles act like RTS units. Control them using a remote control handset, or program them with circuit conditions and zones. Can be used for base enemy base assault, patrols, friendly base navigation, vehicle-based mining, and more advanced applications. Works with vanilla and modded vehicles. Visit the mod portal page for a full feature list or the forums for tutorials.",
	"factorio_version": "1.1",
	"homepage": "https://discord.gg/t6BtZqC",
  "package": {
    "ignore": ["**"],
    "extra": [
      { 
        "root": ".build"
      }
    ],
    "scripts": {
      "datestamp": "sh ./build-scripts/datestamp.sh",
      "prepackage": "sh ./build-scripts/prepackage.sh",
      "postpublish": "sh ./build-scripts/postpublish.sh"
    }
  }
}
