{
	"name": "Warmonger",
	"version": "1.3.23",
	"title": "Warmonger",
	"description": "Creep from Krastorio without entire K2, but with many new creep features. Best played with Rampant.",
	"author": "garrotte",
	"homepage" : "https://mods.factorio.com/mod/Warmonger",
	"factorio_version": "1.1",
	"dependencies":
	[
		"base >= 1.1.41",
		"(?) RampantArsenal",
		"(?) RampantIndustry",
		"? Rampant >= 3.3.0",
		"(?) IndustrialRevolution",
		"(?) pycoalprocessing",
		"! Krastorio2Assets",
		"(?) alien-biomes" 
	]
}
