{
	"name": "Warheads",
	"version": "0.0.15",
	"title": "Warheads",
	"author": "BicycleEater",
	"description": "Acts as a super-cross mod for weapons, allowing mods adding warheads to avoid working to support every different mod.",
	"homepage": "https://github.com/More-Wrong/Factorio-True-Nukes",
	"factorio_version": "1.1",
	"dependencies": [
		"? Atomic_Overhaul",
		"? SchallTankPlatoon",
		"? bobwarfare",
		"? space-exploration",
		"? Krastorio2",
		"? RampantArsenal",
		"? aai-vehicles-ironclad",
		"? lightArtillery",
		"? lightArtillery-Balanced"
	]
}

